image_id,abs_image_path,Sampling_Date,State,Species,Pre_GSHH_NDVI,Height_Ave_cm,Dry_Green_g,Dry_Dead_g,Dry_Clover_g,GDM_g,Dry_Total_g
ID1011485656,../../csiro-biomass/train/ID1011485656.jpg,2015/9/4,Tas,Ryegrass_Clover,0.62,4.6667,16.2751,31.9984,0.0,16.275,48.2735
ID1012260530,../../csiro-biomass/train/ID1012260530.jpg,2015/4/1,NSW,Lucerne,0.55,16.0,7.6,0.0,0.0,7.6,7.6
ID1025234388,../../csiro-biomass/train/ID1025234388.jpg,2015/9/1,WA,SubcloverDalkeith,0.38,1.0,0.0,0.0,6.05,6.05,6.05
ID1028611175,../../csiro-biomass/train/ID1028611175.jpg,2015/5/18,Tas,Ryegrass,0.66,5.0,24.2376,30.9703,0.0,24.2376,55.2079
ID1035947949,../../csiro-biomass/train/ID1035947949.jpg,2015/9/11,Tas,Ryegrass,0.54,3.5,10.5261,23.2239,0.4343,10.9605,34.1844
ID1036339023,../../csiro-biomass/train/ID1036339023.jpg,2015/9/30,Vic,Phalaris_Clover,0.82,7.0,32.191,2.6135,23.0755,55.2665,57.88
ID1049634115,../../csiro-biomass/train/ID1049634115.jpg,2015/7/2,Vic,Ryegrass_Clover,0.72,2.0,13.575,3.0167,1.5083,15.0833,18.1
ID1051144034,../../csiro-biomass/train/ID1051144034.jpg,2015/9/1,WA,SubcloverLosa,0.8,1.0,0.0,0.0,55.32,55.32,55.32
ID1052620238,../../csiro-biomass/train/ID1052620238.jpg,2015/5/18,Tas,Ryegrass,0.68,5.0,20.1707,11.2291,0.0,20.1707,31.3998
ID105271783,../../csiro-biomass/train/ID105271783.jpg,2015/6/30,Vic,Phalaris_Clover,0.86,4.0,27.6667,8.5635,5.2698,32.9365,41.5
ID1053972079,../../csiro-biomass/train/ID1053972079.jpg,2015/9/4,Tas,Clover,0.56,2.5,1.3688,7.9393,21.0801,22.4489,30.3882
ID1058383417,../../csiro-biomass/train/ID1058383417.jpg,2015/5/19,Tas,Ryegrass_Clover,0.62,2.0,13.1,9.5,0.1,13.2,22.7
ID1062837331,../../csiro-biomass/train/ID1062837331.jpg,2015/9/29,Vic,Ryegrass_Clover,0.82,9.0,35.4077,3.9623,19.98,55.3877,59.35
ID1070112260,../../csiro-biomass/train/ID1070112260.jpg,2015/1/15,NSW,Fescue_CrumbWeed,0.6,6.0,22.1235,9.8765,0.0,22.1235,32.0
ID1078930021,../../csiro-biomass/train/ID1078930021.jpg,2015/6/26,Vic,Phalaris_Ryegrass_Clover,0.86,5.0,32.9811,5.0189,0.0,32.9811,38.0
ID1084819986,../../csiro-biomass/train/ID1084819986.jpg,2015/9/4,Tas,Clover,0.69,3.1667,2.6819,13.0742,21.4551,24.137,37.2112
ID1088965591,../../csiro-biomass/train/ID1088965591.jpg,2015/4/1,NSW,Lucerne,0.89,43.0,59.5557,0.3443,0.0,59.5557,59.9
ID1098771283,../../csiro-biomass/train/ID1098771283.jpg,2015/11/9,Tas,Clover,0.48,2.6667,0.4528,15.1673,8.376,8.8287,23.9961
ID1103883611,../../csiro-biomass/train/ID1103883611.jpg,2015/2/24,NSW,Phalaris,0.48,26.0,82.7834,12.9166,0.0,82.7834,95.7
ID1108283583,../../csiro-biomass/train/ID1108283583.jpg,2015/8/19,Vic,Phalaris_Ryegrass_Clover,0.83,5.5,40.4108,7.2162,5.773,46.1838,53.4
ID1113121340,../../csiro-biomass/train/ID1113121340.jpg,2015/9/30,Vic,Phalaris_Clover,0.8,16.0,82.6598,11.6271,0.2931,82.9529,94.58
ID1113329413,../../csiro-biomass/train/ID1113329413.jpg,2015/6/29,Tas,WhiteClover,0.72,3.0,1.3768,21.1112,20.6523,22.0291,43.1403
ID1119739385,../../csiro-biomass/train/ID1119739385.jpg,2015/5/18,Tas,Ryegrass,0.28,4.0,6.8,3.0,0.0,6.8,9.8
ID1119761112,../../csiro-biomass/train/ID1119761112.jpg,2015/5/7,NSW,Fescue,0.42,4.0,22.9514,32.4486,0.0,22.9514,55.4
ID1121692672,../../csiro-biomass/train/ID1121692672.jpg,2015/2/24,NSW,Phalaris,0.52,38.0,109.8042,1.3958,0.0,109.8042,111.2
ID1127246618,../../csiro-biomass/train/ID1127246618.jpg,2015/5/18,Tas,Ryegrass,0.77,7.0,32.3529,25.8824,3.0196,35.3725,61.2549
ID112966473,../../csiro-biomass/train/ID112966473.jpg,2015/8/14,Vic,Ryegrass_Clover,0.74,3.0,19.6,2.8,11.2,30.8,33.6
ID1131079710,../../csiro-biomass/train/ID1131079710.jpg,2015/11/9,Tas,Clover,0.57,1.5,1.5261,11.119,15.4794,17.0055,28.1246
ID1136169672,../../csiro-biomass/train/ID1136169672.jpg,2015/5/18,Tas,Ryegrass,0.62,5.0,16.3107,6.808,0.0,16.3108,23.1187
ID1139866256,../../csiro-biomass/train/ID1139866256.jpg,2015/5/7,NSW,Fescue,0.66,13.0,74.0593,83.8407,0.0,74.0593,157.9
ID1139918758,../../csiro-biomass/train/ID1139918758.jpg,2015/8/21,WA,Clover,0.79,3.0,0.0,0.0,58.34,58.34,58.34
ID1140993511,../../csiro-biomass/train/ID1140993511.jpg,2015/8/14,Vic,Ryegrass_Clover,0.71,2.0,16.1,2.3,4.6,20.7,23.0
ID1148528732,../../csiro-biomass/train/ID1148528732.jpg,2015/8/18,Vic,Phalaris_Clover,0.86,3.2,28.0887,0.0,12.4113,40.5,40.5
ID1148666289,../../csiro-biomass/train/ID1148666289.jpg,2015/6/26,Vic,Phalaris_Ryegrass_Clover,0.81,3.5,21.4846,14.3231,4.0923,25.5769,39.9
ID1149598723,../../csiro-biomass/train/ID1149598723.jpg,2015/5/7,NSW,Lucerne,0.87,43.0,58.3169,5.3831,0.0,58.3169,63.7
ID1159071020,../../csiro-biomass/train/ID1159071020.jpg,2015/9/30,Vic,Phalaris_Clover,0.74,7.0,46.5727,6.7982,1.3191,47.8918,54.69
ID1163061745,../../csiro-biomass/train/ID1163061745.jpg,2015/6/29,Tas,WhiteClover,0.5,2.0,1.2,6.7,5.2,6.4,13.1
ID1168534540,../../csiro-biomass/train/ID1168534540.jpg,2015/5/7,NSW,Fescue,0.86,9.0,55.6108,8.6892,0.0,55.6108,64.3
ID1176292407,../../csiro-biomass/train/ID1176292407.jpg,2015/6/26,Tas,Ryegrass_Clover,0.5,3.0,9.022,16.7365,0.1308,9.1528,25.8893
ID1182523622,../../csiro-biomass/train/ID1182523622.jpg,2015/6/29,Tas,WhiteClover,0.48,2.0,0.6752,14.7193,3.1059,3.7811,18.5004
ID1183807388,../../csiro-biomass/train/ID1183807388.jpg,2015/7/1,Tas,Ryegrass,0.7,5.0,20.9156,20.9156,0.0,20.9156,41.8312
ID1193692654,../../csiro-biomass/train/ID1193692654.jpg,2015/9/11,Tas,Ryegrass,0.69,3.1667,13.4232,6.3317,0.2727,13.6959,20.0276
ID1199150612,../../csiro-biomass/train/ID1199150612.jpg,2015/11/10,Tas,Ryegrass_Clover,0.62,5.5,27.0146,40.7019,0.3602,27.3748,68.0767
ID1208644039,../../csiro-biomass/train/ID1208644039.jpg,2015/7/1,Vic,Phalaris_Clover,0.79,5.0,31.0,7.75,1.55,32.55,40.3
ID1211362607,../../csiro-biomass/train/ID1211362607.jpg,2015/2/24,NSW,Ryegrass,0.58,7.0,66.5554,1.3446,0.0,66.5554,67.9
ID121331988,../../csiro-biomass/train/ID121331988.jpg,2015/5/7,NSW,Fescue,0.75,8.0,63.15,21.05,0.0,63.15,84.2
ID1215977190,../../csiro-biomass/train/ID1215977190.jpg,2015/5/18,Tas,Ryegrass,0.74,5.0,30.1002,24.8123,0.4068,30.507,55.3193
ID1217108125,../../csiro-biomass/train/ID1217108125.jpg,2015/6/29,Tas,WhiteClover,0.62,2.0,0.6811,8.0594,5.9027,6.5838,14.6432
ID1237349078,../../csiro-biomass/train/ID1237349078.jpg,2015/10/13,Vic,Phalaris_BarleyGrass_SilverGrass_SpearGrass_Clover_Capeweed,0.38,2.5,9.39,26.221,3.189,12.579,38.8
ID12390962,../../csiro-biomass/train/ID12390962.jpg,2015/5/18,Tas,Ryegrass,0.56,5.0,14.0,15.2,0.0,14.0,29.2
ID1244346858,../../csiro-biomass/train/ID1244346858.jpg,2015/10/6,NSW,Fescue,0.45,12.3333,49.2657,30.9343,0.0,49.2657,80.2
ID1249094008,../../csiro-biomass/train/ID1249094008.jpg,2015/6/26,Vic,Ryegrass,0.71,4.0,4.5809,16.3603,0.0,4.5809,20.9412
ID1251029854,../../csiro-biomass/train/ID1251029854.jpg,2015/5/7,NSW,Fescue,0.55,5.0,36.8125,22.0875,0.0,36.8125,58.9
ID1254829053,../../csiro-biomass/train/ID1254829053.jpg,2015/6/26,Vic,Ryegrass,0.69,4.5,4.2568,10.2162,0.0,4.2568,14.473
ID1268934251,../../csiro-biomass/train/ID1268934251.jpg,2015/10/13,Vic,Phalaris_BarleyGrass_SilverGrass_SpearGrass_Clover_Capeweed,0.42,3.3,17.2131,24.7869,0.0,17.2131,42.0
ID1275072698,../../csiro-biomass/train/ID1275072698.jpg,2015/1/15,NSW,Lucerne,0.74,42.0,62.0,2.5,0.0,62.0,64.5
ID1277756619,../../csiro-biomass/train/ID1277756619.jpg,2015/7/1,Tas,Ryegrass,0.4,3.0,6.0,3.2,0.0,6.0,9.2
ID1291116815,../../csiro-biomass/train/ID1291116815.jpg,2015/7/2,Vic,Ryegrass_Clover,0.76,3.0,19.84,3.72,1.24,21.08,24.8
ID1294770420,../../csiro-biomass/train/ID1294770420.jpg,2015/11/9,Tas,Ryegrass_Clover,0.59,3.3333,14.6004,36.1534,17.3814,31.9818,68.1352
ID1314135397,../../csiro-biomass/train/ID1314135397.jpg,2015/1/15,NSW,Fescue_CrumbWeed,0.75,6.0,28.0322,16.6678,0.0,28.0322,44.7
ID13162390,../../csiro-biomass/train/ID13162390.jpg,2015/8/14,Vic,Ryegrass_Clover,0.74,3.0,20.0667,2.8667,2.8667,22.9333,25.8
ID1337107565,../../csiro-biomass/train/ID1337107565.jpg,2015/8/21,WA,Clover,0.39,1.0,0.0,0.0,10.04,10.04,10.04
ID1343327476,../../csiro-biomass/train/ID1343327476.jpg,2015/8/14,Vic,Phalaris_Clover,0.71,5.0,37.7143,3.1429,3.1429,40.8571,44.0
ID1345375788,../../csiro-biomass/train/ID1345375788.jpg,2015/6/26,Tas,Ryegrass_Clover,0.6,3.0,8.7127,7.7226,2.3762,11.0889,18.8115
ID135365668,../../csiro-biomass/train/ID135365668.jpg,2015/6/26,Vic,Phalaris_Ryegrass_Clover,0.74,3.0,17.3333,1.8667,2.4,19.7333,21.6
ID1354190372,../../csiro-biomass/train/ID1354190372.jpg,2015/11/10,Tas,Ryegrass_Clover,0.67,3.0,10.6039,6.5255,11.2565,21.8604,28.3859
ID1357758282,../../csiro-biomass/train/ID1357758282.jpg,2015/1/15,NSW,Lucerne,0.77,62.0,107.3,4.8,0.0,107.3,112.1
ID1357768767,../../csiro-biomass/train/ID1357768767.jpg,2015/2/25,NSW,Fescue,0.68,15.0,104.1503,5.4497,0.0,104.1503,109.6
ID1370004842,../../csiro-biomass/train/ID1370004842.jpg,2015/10/6,NSW,Fescue,0.55,9.6667,55.8014,21.9986,0.0,55.8014,77.8
ID1374789439,../../csiro-biomass/train/ID1374789439.jpg,2015/7/1,Vic,Phalaris_Clover,0.74,4.0,21.6889,1.3556,1.3556,23.0444,24.4
ID1385921939,../../csiro-biomass/train/ID1385921939.jpg,2015/5/7,NSW,Lucerne,0.79,32.0,43.6757,6.8243,0.0,43.6757,50.5
ID1386202352,../../csiro-biomass/train/ID1386202352.jpg,2015/5/19,Tas,Ryegrass_Clover,0.86,5.0,35.0834,12.1549,0.0,35.0834,47.2383
ID1395011773,../../csiro-biomass/train/ID1395011773.jpg,2015/10/13,Vic,Phalaris_BarleyGrass_SilverGrass_SpearGrass_Clover_Capeweed,0.52,3.2,13.8438,11.9667,10.0895,23.9333,35.9
ID1403078396,../../csiro-biomass/train/ID1403078396.jpg,2015/9/4,Tas,Clover,0.42,2.3333,1.5,8.3,5.3,6.8,15.1
ID1403107574,../../csiro-biomass/train/ID1403107574.jpg,2015/8/21,WA,Clover,0.54,1.0,0.0,0.0,22.69,22.69,22.69
ID1411613934,../../csiro-biomass/train/ID1411613934.jpg,2015/10/13,Vic,Phalaris_BarleyGrass_SilverGrass_SpearGrass_Clover_Capeweed,0.49,3.3,16.8777,17.8286,6.8937,23.7714,41.6
ID141370843,../../csiro-biomass/train/ID141370843.jpg,2015/8/14,Vic,Ryegrass_Clover,0.72,4.0,19.6636,5.6182,5.6182,25.2818,30.9
ID1413758094,../../csiro-biomass/train/ID1413758094.jpg,2015/9/4,Tas,Ryegrass_Clover,0.54,5.0,17.5601,46.0532,0.8746,18.4347,64.4879
ID1414371018,../../csiro-biomass/train/ID1414371018.jpg,2015/11/10,Tas,Ryegrass_Clover,0.72,3.1667,12.3801,6.1901,14.7281,27.1082,33.2982
ID1415329644,../../csiro-biomass/train/ID1415329644.jpg,2015/4/1,NSW,Lucerne,0.83,38.0,63.3,0.0,0.0,63.3,63.3
ID1421714468,../../csiro-biomass/train/ID1421714468.jpg,2015/9/4,Tas,Ryegrass_Clover,0.85,4.5,26.6001,36.581,0.0,26.6,63.1811
ID142751858,../../csiro-biomass/train/ID142751858.jpg,2015/9/29,Vic,Ryegrass_Clover,0.81,5.0,33.2077,2.417,15.3953,48.603,51.02
ID1428837636,../../csiro-biomass/train/ID1428837636.jpg,2015/6/29,Tas,WhiteClover,0.7,3.0,3.8871,19.1366,10.1663,14.0535,33.1901
ID1437386574,../../csiro-biomass/train/ID1437386574.jpg,2015/9/30,Vic,Phalaris_Clover,0.75,6.0,44.1677,3.7122,5.0001,49.1678,52.88
ID1444674500,../../csiro-biomass/train/ID1444674500.jpg,2015/7/8,WA,Clover,0.43,1.0,3.5,0.0,11.64,15.14,15.14
ID1450399782,../../csiro-biomass/train/ID1450399782.jpg,2015/9/11,Tas,Ryegrass,0.86,5.8333,38.202,19.082,0.1901,38.3921,57.4741
ID1451025862,../../csiro-biomass/train/ID1451025862.jpg,2015/11/10,Tas,Ryegrass_Clover,0.53,2.8333,6.9,4.3,5.3,12.2,16.5
ID1456861072,../../csiro-biomass/train/ID1456861072.jpg,2015/6/26,Tas,Ryegrass_Clover,0.37,1.0,1.0,6.0,0.4,1.4,7.4
ID1457700382,../../csiro-biomass/train/ID1457700382.jpg,2015/4/1,NSW,Lucerne,0.7,30.0,24.8,0.0,0.0,24.8,24.8
ID1458758610,../../csiro-biomass/train/ID1458758610.jpg,2015/10/6,NSW,Fescue,0.49,9.3333,52.4745,50.2255,0.0,52.4745,102.7
ID1463690813,../../csiro-biomass/train/ID1463690813.jpg,2015/4/1,NSW,Lucerne,0.84,35.0,58.2,0.0,0.0,58.2,58.2
ID146920896,../../csiro-biomass/train/ID146920896.jpg,2015/5/19,Tas,Ryegrass_Clover,0.36,2.0,6.6,0.4,0.5,7.1,7.5
ID1471216911,../../csiro-biomass/train/ID1471216911.jpg,2015/9/30,Vic,Phalaris_Clover,0.85,16.0,28.8667,11.4857,67.8977,96.7643,108.25
ID1472525822,../../csiro-biomass/train/ID1472525822.jpg,2015/1/15,NSW,Fescue_CrumbWeed,0.7,7.0,30.3109,16.4891,0.0,30.3109,46.8
ID1473228876,../../csiro-biomass/train/ID1473228876.jpg,2015/1/15,NSW,Fescue_CrumbWeed,0.72,8.0,28.0865,10.0135,0.0,28.0865,38.1
ID1474775613,../../csiro-biomass/train/ID1474775613.jpg,2015/5/18,Tas,Ryegrass,0.86,10.0,44.3447,5.3604,0.0,44.3447,49.7051
ID147528735,../../csiro-biomass/train/ID147528735.jpg,2015/1/15,NSW,Lucerne,0.74,52.0,53.5,3.0,0.0,53.5,56.5
ID1476045099,../../csiro-biomass/train/ID1476045099.jpg,2015/8/14,Vic,Ryegrass_Clover,0.77,4.0,20.3333,3.3889,6.7778,27.1111,30.5
ID1477176296,../../csiro-biomass/train/ID1477176296.jpg,2015/8/14,Vic,Ryegrass_Clover,0.77,4.0,20.1385,1.8308,1.8308,21.9692,23.8
ID1488408526,../../csiro-biomass/train/ID1488408526.jpg,2015/2/25,NSW,Fescue,0.48,6.0,28.5031,9.8969,0.0,28.5031,38.4
ID1496750796,../../csiro-biomass/train/ID1496750796.jpg,2015/8/14,Vic,Ryegrass_Clover,0.68,2.0,12.4091,5.3182,1.7727,14.1818,19.5
ID1498398599,../../csiro-biomass/train/ID1498398599.jpg,2015/9/4,Tas,Clover,0.36,2.1667,1.2834,5.6471,11.0375,12.321,17.9681
ID1509266870,../../csiro-biomass/train/ID1509266870.jpg,2015/8/14,Vic,Ryegrass_Clover,0.77,4.0,27.75,2.775,2.775,30.525,33.3
ID1510574031,../../csiro-biomass/train/ID1510574031.jpg,2015/10/14,Vic,Phalaris_Clover_Ryegrass_Barleygrass_Bromegrass,0.51,5.1667,19.4992,14.4672,7.2336,26.7328,41.2
ID1512751450,../../csiro-biomass/train/ID1512751450.jpg,2015/9/11,Tas,Ryegrass,0.77,3.8333,19.656,9.6678,0.3786,20.0346,29.7024
ID1513184765,../../csiro-biomass/train/ID1513184765.jpg,2015/6/26,Tas,Ryegrass_Clover,0.41,1.0,6.1574,5.0118,0.0,6.1574,11.1692
ID1515990019,../../csiro-biomass/train/ID1515990019.jpg,2015/9/3,Tas,Ryegrass_Clover,0.41,2.1667,11.9,1.3,0.0,11.9,13.2
ID1516374298,../../csiro-biomass/train/ID1516374298.jpg,2015/7/8,WA,Clover,0.3,1.0,1.7,0.0,9.0,10.7,10.7
ID152157478,../../csiro-biomass/train/ID152157478.jpg,2015/9/29,Vic,Ryegrass_Clover,0.84,17.0,64.3724,7.9034,35.1643,99.5366,107.44
ID1525817840,../../csiro-biomass/train/ID1525817840.jpg,2015/8/18,Vic,Phalaris_Clover,0.72,3.8,20.0667,32.3656,7.7677,27.8344,60.2
ID1540480250,../../csiro-biomass/train/ID1540480250.jpg,2015/2/24,NSW,Phalaris,0.58,20.0,116.7515,3.6485,0.0,116.7515,120.4
ID1545077474,../../csiro-biomass/train/ID1545077474.jpg,2015/11/9,Tas,Ryegrass_Clover,0.4,3.5,8.8,19.2,0.0,8.8,28.0
ID1547945326,../../csiro-biomass/train/ID1547945326.jpg,2015/9/3,Tas,Ryegrass_Clover,0.74,2.1667,10.7156,4.2493,6.2816,16.9972,21.2465
ID1559189397,../../csiro-biomass/train/ID1559189397.jpg,2015/5/7,NSW,Lucerne,0.56,23.0,22.4195,1.0805,0.0,22.4195,23.5
ID1563418511,../../csiro-biomass/train/ID1563418511.jpg,2015/2/24,NSW,Phalaris,0.7,34.0,107.1096,4.5904,0.0,107.1096,111.7
ID1570190541,../../csiro-biomass/train/ID1570190541.jpg,2015/11/9,Tas,Clover,0.55,2.3333,0.1568,7.8376,16.6157,16.7724,24.61
ID1573329652,../../csiro-biomass/train/ID1573329652.jpg,2015/1/15,NSW,Fescue_CrumbWeed,0.61,6.0,22.2985,19.2015,0.0,22.2985,41.5
ID1574125908,../../csiro-biomass/train/ID1574125908.jpg,2015/2/24,NSW,Ryegrass,0.42,7.0,43.1621,3.5379,0.0,43.1621,46.7
ID157479394,../../csiro-biomass/train/ID157479394.jpg,2015/2/24,NSW,Phalaris,0.69,37.0,129.3421,4.8579,0.0,129.3421,134.2
ID1579942839,../../csiro-biomass/train/ID1579942839.jpg,2015/9/4,Tas,Clover,0.66,2.5,3.3327,2.6661,14.886,18.2186,20.8848
ID158170916,../../csiro-biomass/train/ID158170916.jpg,2015/11/10,Tas,Ryegrass_Clover,0.91,8.8333,69.6107,33.0205,5.3547,74.9654,107.9859
ID1590632667,../../csiro-biomass/train/ID1590632667.jpg,2015/11/9,Tas,Ryegrass_Clover,0.7,3.8333,31.2284,24.2887,3.1807,34.4091,58.6978
ID1618145129,../../csiro-biomass/train/ID1618145129.jpg,2015/11/10,Tas,Ryegrass_Clover,0.84,4.1667,37.1257,10.3826,0.0,37.1257,47.5083
ID1618597318,../../csiro-biomass/train/ID1618597318.jpg,2015/9/3,Tas,Ryegrass_Clover,0.65,2.1667,33.0259,2.239,1.1195,34.1454,36.3845
ID1620371305,../../csiro-biomass/train/ID1620371305.jpg,2015/9/30,Vic,Phalaris_Clover,0.79,10.0,57.0895,6.4092,17.0913,74.1808,80.59
ID162394992,../../csiro-biomass/train/ID162394992.jpg,2015/2/24,NSW,Ryegrass,0.61,9.0,47.2541,1.8459,0.0,47.2541,49.1
ID1623964968,../../csiro-biomass/train/ID1623964968.jpg,2015/11/9,Tas,Ryegrass_Clover,0.44,2.3333,19.5439,21.4983,10.0977,29.6415,51.1398
ID1624268863,../../csiro-biomass/train/ID1624268863.jpg,2015/1/15,NSW,Fescue_CrumbWeed,0.56,4.0,22.932,10.168,0.0,22.932,33.1
ID1634731537,../../csiro-biomass/train/ID1634731537.jpg,2015/11/9,Tas,Clover,0.64,3.3333,0.0,6.8619,19.9619,19.9619,26.8238
ID1638922597,../../csiro-biomass/train/ID1638922597.jpg,2015/6/29,Tas,WhiteClover,0.65,3.0,0.2772,21.3479,10.5353,10.8126,32.1605
ID1645161155,../../csiro-biomass/train/ID1645161155.jpg,2015/9/4,Tas,Ryegrass_Clover,0.7,4.5,19.0515,40.6841,0.0,19.0516,59.7356
ID1655778545,../../csiro-biomass/train/ID1655778545.jpg,2015/5/7,NSW,Fescue,0.62,5.0,30.6643,17.0357,0.0,30.6643,47.7
ID1665142816,../../csiro-biomass/train/ID1665142816.jpg,2015/7/1,Vic,Phalaris_Clover,0.73,4.0,24.5143,4.7143,3.7714,28.2857,33.0
ID1667778338,../../csiro-biomass/train/ID1667778338.jpg,2015/8/14,Vic,Ryegrass_Clover,0.77,5.0,29.25,9.75,3.9,33.15,42.9
ID1671844336,../../csiro-biomass/train/ID1671844336.jpg,2015/6/26,Tas,Ryegrass_Clover,0.68,3.0,12.0354,8.4248,0.8024,12.8377,21.2625
ID1675365449,../../csiro-biomass/train/ID1675365449.jpg,2015/9/30,Vic,Phalaris_Clover,0.79,16.0,89.7395,12.2372,1.4833,91.2228,103.46
ID1680597197,../../csiro-biomass/train/ID1680597197.jpg,2015/2/25,NSW,Fescue,0.69,12.0,84.1829,8.6171,0.0,84.1829,92.8
ID1692894460,../../csiro-biomass/train/ID1692894460.jpg,2015/11/9,Tas,Clover,0.69,3.5,0.3143,14.7741,30.1768,30.4912,45.2652
ID1693880739,../../csiro-biomass/train/ID1693880739.jpg,2015/6/26,Vic,Phalaris_Ryegrass_Clover,0.85,4.0,30.4615,4.7385,0.0,30.4615,35.2
ID1703304524,../../csiro-biomass/train/ID1703304524.jpg,2015/11/10,Tas,Ryegrass_Clover,0.86,7.0,47.7689,46.4778,2.5821,50.351,96.8288
ID1717006117,../../csiro-biomass/train/ID1717006117.jpg,2015/10/14,Vic,Phalaris_Clover_Ryegrass_Barleygrass_Bromegrass,0.57,6.1667,32.8735,18.9135,18.0129,50.8865,69.8
ID1729002155,../../csiro-biomass/train/ID1729002155.jpg,2015/10/6,NSW,Fescue,0.34,5.6667,19.8538,20.7462,0.0,19.8538,40.6
ID1746343319,../../csiro-biomass/train/ID1746343319.jpg,2015/11/9,Tas,Ryegrass_Clover,0.35,2.5,6.9,18.0,0.6,7.5,25.5
ID1753847361,../../csiro-biomass/train/ID1753847361.jpg,2015/9/30,Vic,Phalaris_Clover,0.83,17.0,51.2725,3.5437,34.9938,86.2663,89.81
ID1761544403,../../csiro-biomass/train/ID1761544403.jpg,2015/8/21,WA,Clover,0.54,1.0,0.0,0.0,32.64,32.64,32.64
ID1781353117,../../csiro-biomass/train/ID1781353117.jpg,2015/5/18,Tas,Ryegrass,0.69,4.0,15.185,11.0291,1.7583,16.9433,27.9724
ID1782509721,../../csiro-biomass/train/ID1782509721.jpg,2015/10/6,NSW,Fescue,0.39,8.0,30.1374,26.2626,0.0,30.1374,56.4
ID1782608354,../../csiro-biomass/train/ID1782608354.jpg,2015/9/1,WA,Ryegrass,0.81,17.0,72.1,0.0,0.07,72.17,72.17
ID1783499590,../../csiro-biomass/train/ID1783499590.jpg,2015/6/26,Vic,Ryegrass,0.8,5.5,13.6615,18.2154,1.1385,14.8,33.0154
ID1784585001,../../csiro-biomass/train/ID1784585001.jpg,2015/11/9,Tas,Clover,0.8,4.5,3.788,12.3111,35.0394,38.8275,51.1386
ID1789265307,../../csiro-biomass/train/ID1789265307.jpg,2015/11/9,Tas,Clover,0.87,7.1667,1.0751,19.3509,69.8783,70.9533,90.3042
ID1789834546,../../csiro-biomass/train/ID1789834546.jpg,2015/10/14,Vic,Phalaris_Clover_Ryegrass_Barleygrass_Bromegrass,0.52,4.1667,21.4,14.8756,6.5244,27.9244,42.8
ID1789853061,../../csiro-biomass/train/ID1789853061.jpg,2015/8/18,Vic,Phalaris_Clover,0.87,5.2,36.6302,7.5415,12.9283,49.5585,57.1
ID1831254380,../../csiro-biomass/train/ID1831254380.jpg,2015/11/9,Tas,Clover,0.84,5.3333,0.8754,15.758,71.7865,72.662,88.42
ID1839139621,../../csiro-biomass/train/ID1839139621.jpg,2015/5/18,Tas,Ryegrass,0.8,8.0,31.5263,10.3894,0.0,31.5264,41.9157
ID1853508321,../../csiro-biomass/train/ID1853508321.jpg,2015/9/3,Tas,Ryegrass_Clover,0.45,1.6667,28.5232,1.1786,0.0,28.5232,29.7018
ID1857489997,../../csiro-biomass/train/ID1857489997.jpg,2015/7/1,Vic,Phalaris_Clover,0.66,3.0,13.3043,2.3478,2.3478,15.6522,18.0
ID1859251563,../../csiro-biomass/train/ID1859251563.jpg,2015/1/15,NSW,Lucerne,0.83,70.0,119.6,6.9,0.0,119.6,126.5
ID1859792585,../../csiro-biomass/train/ID1859792585.jpg,2015/5/18,Tas,Ryegrass,0.62,4.0,22.6087,30.83,0.7708,23.3794,54.2095
ID1868719645,../../csiro-biomass/train/ID1868719645.jpg,2015/7/2,Vic,Ryegrass_Clover,0.77,4.0,20.5478,2.4174,4.8348,25.3826,27.8
ID187238869,../../csiro-biomass/train/ID187238869.jpg,2015/9/29,Vic,Ryegrass_Clover,0.75,4.0,28.9098,2.972,11.8881,40.798,43.77
ID1874904894,../../csiro-biomass/train/ID1874904894.jpg,2015/10/13,Vic,Phalaris_BarleyGrass_SilverGrass_SpearGrass_Clover_Capeweed,0.3,3.0,4.1458,29.1542,0.0,4.1458,33.3
ID1876271942,../../csiro-biomass/train/ID1876271942.jpg,2015/2/24,NSW,Ryegrass,0.68,10.0,47.9386,8.3614,0.0,47.9386,56.3
ID1880764911,../../csiro-biomass/train/ID1880764911.jpg,2015/5/18,Tas,Ryegrass,0.52,5.0,15.1546,21.9343,5.9821,21.1367,43.0709
ID1888700589,../../csiro-biomass/train/ID1888700589.jpg,2015/7/8,WA,Clover,0.64,2.0,20.9,0.0,1.62,22.52,22.52
ID1889150649,../../csiro-biomass/train/ID1889150649.jpg,2015/9/1,WA,SubcloverLosa,0.32,1.0,0.0,0.0,2.48,2.48,2.48
ID1894998379,../../csiro-biomass/train/ID1894998379.jpg,2015/10/13,Vic,Phalaris_BarleyGrass_SilverGrass_SpearGrass_Clover_Capeweed,0.42,4.3,8.4236,35.0985,13.4778,21.9015,57.0
ID1899025384,../../csiro-biomass/train/ID1899025384.jpg,2015/6/26,Tas,Ryegrass_Clover,0.7,4.0,11.1604,8.6803,0.4133,11.5737,20.254
ID1920959057,../../csiro-biomass/train/ID1920959057.jpg,2015/7/2,Vic,Ryegrass_Clover,0.74,3.0,12.4667,2.6714,3.5619,16.0286,18.7
ID193102215,../../csiro-biomass/train/ID193102215.jpg,2015/4/1,NSW,Lucerne,0.66,32.0,22.8,0.0,0.0,22.8,22.8
ID1946311744,../../csiro-biomass/train/ID1946311744.jpg,2015/9/29,Vic,Ryegrass_Clover,0.83,8.0,40.3989,2.8017,28.5594,68.9583,71.76
ID194823383,../../csiro-biomass/train/ID194823383.jpg,2015/7/8,WA,Clover,0.66,3.0,20.8,0.0,4.91,25.71,25.71
ID1948354837,../../csiro-biomass/train/ID1948354837.jpg,2015/1/15,NSW,Fescue_CrumbWeed,0.63,5.0,19.0341,14.4659,0.0,19.0341,33.5
ID1952813879,../../csiro-biomass/train/ID1952813879.jpg,2015/6/26,Vic,Ryegrass,0.68,3.5,3.525,8.225,0.5875,4.1125,12.3375
ID1953171547,../../csiro-biomass/train/ID1953171547.jpg,2015/9/4,Tas,Ryegrass_Clover,0.44,5.5,15.989,58.7479,0.692,16.681,75.4289
ID1953218650,../../csiro-biomass/train/ID1953218650.jpg,2015/11/10,Tas,Ryegrass_Clover,0.5,3.1667,6.7,5.2,3.8,10.5,15.7
ID1954669045,../../csiro-biomass/train/ID1954669045.jpg,2015/6/30,Vic,Phalaris_Clover,0.78,2.8,18.772,10.469,6.859,25.631,36.1
ID1962197151,../../csiro-biomass/train/ID1962197151.jpg,2015/4/1,NSW,Lucerne,0.72,35.0,22.0,0.0,0.0,22.0,22.0
ID1962379474,../../csiro-biomass/train/ID1962379474.jpg,2015/11/10,Tas,Ryegrass_Clover,0.55,5.1667,17.341,40.1734,1.4451,18.7861,58.9595
ID1963715583,../../csiro-biomass/train/ID1963715583.jpg,2015/7/8,WA,Clover,0.16,1.0,0.7,0.0,0.34,1.04,1.04
ID196516535,../../csiro-biomass/train/ID196516535.jpg,2015/5/18,Tas,Ryegrass,0.45,3.0,9.0231,24.8461,0.5231,9.5462,34.3923
ID1970522802,../../csiro-biomass/train/ID1970522802.jpg,2015/5/7,NSW,Fescue,0.55,4.0,32.8911,13.5089,0.0,32.8911,46.4
ID1976436386,../../csiro-biomass/train/ID1976436386.jpg,2015/10/14,Vic,Phalaris_Clover_Ryegrass_Barleygrass_Bromegrass,0.52,6.0,26.6742,25.2703,7.9555,34.6297,59.9
ID1980675327,../../csiro-biomass/train/ID1980675327.jpg,2015/6/26,Tas,Ryegrass_Clover,0.59,1.0,14.7312,9.0024,2.6598,17.391,26.3934
ID1982662138,../../csiro-biomass/train/ID1982662138.jpg,2015/4/1,NSW,Lucerne,0.79,33.0,35.9406,1.1594,0.0,35.9406,37.1
ID1988033238,../../csiro-biomass/train/ID1988033238.jpg,2015/8/18,Vic,Phalaris_Clover,0.76,3.2,21.1479,12.4718,4.8803,26.0282,38.5
ID1989506559,../../csiro-biomass/train/ID1989506559.jpg,2015/11/10,Tas,Ryegrass_Clover,0.8,4.3333,28.377,8.1077,15.202,43.579,51.6867
ID1993907137,../../csiro-biomass/train/ID1993907137.jpg,2015/5/18,Tas,Ryegrass,0.5,3.0,15.9528,12.8356,0.1834,16.1362,28.9718
ID1997244125,../../csiro-biomass/train/ID1997244125.jpg,2015/6/26,Tas,Ryegrass_Clover,0.4,3.0,4.1536,46.0672,0.0,4.1536,50.2208
ID2002797732,../../csiro-biomass/train/ID2002797732.jpg,2015/7/1,Vic,Phalaris_Clover,0.66,2.0,9.35,3.3,0.55,9.9,13.2
ID2003438517,../../csiro-biomass/train/ID2003438517.jpg,2015/7/2,Vic,Ryegrass_Clover,0.74,4.0,13.52,2.08,5.2,18.72,20.8
ID2006686196,../../csiro-biomass/train/ID2006686196.jpg,2015/10/14,Vic,Phalaris_Clover_Ryegrass_Barleygrass_Bromegrass,0.46,9.3333,28.0419,38.8581,0.0,28.0419,66.9
ID2010625680,../../csiro-biomass/train/ID2010625680.jpg,2015/7/8,WA,Clover,0.75,3.0,5.0589,0.0,37.5911,42.65,42.65
ID2014192906,../../csiro-biomass/train/ID2014192906.jpg,2015/6/26,Vic,Ryegrass,0.63,3.0,3.0,7.0,0.5,3.5,10.1912
ID2030696575,../../csiro-biomass/train/ID2030696575.jpg,2015/11/9,Tas,Clover,0.31,1.1667,1.6,2.6,2.1,3.7,6.3
ID2037861084,../../csiro-biomass/train/ID2037861084.jpg,2015/6/30,Vic,Phalaris_Clover,0.77,3.8,28.6831,12.2169,0.0,28.6831,40.9
ID2048645043,../../csiro-biomass/train/ID2048645043.jpg,2015/6/26,Vic,Ryegrass,0.76,4.0,10.4651,11.5116,4.186,14.6512,26.1628
ID2052442675,../../csiro-biomass/train/ID2052442675.jpg,2015/5/19,Tas,Ryegrass_Clover,0.43,2.0,14.5,2.7,0.0,14.5,17.2
ID2052993274,../../csiro-biomass/train/ID2052993274.jpg,2015/2/24,NSW,Phalaris,0.66,32.0,103.6236,1.7764,0.0,103.6236,105.4
ID2053315094,../../csiro-biomass/train/ID2053315094.jpg,2015/2/25,NSW,Fescue,0.57,12.0,50.8889,17.8111,0.0,50.8889,68.7
ID2056023629,../../csiro-biomass/train/ID2056023629.jpg,2015/2/25,NSW,Fescue,0.68,12.0,57.6643,25.1357,0.0,57.6643,82.8
ID2056982009,../../csiro-biomass/train/ID2056982009.jpg,2015/9/29,Vic,Ryegrass_Clover,0.72,3.0,30.8534,1.5598,4.0868,34.9402,36.5
ID2069766023,../../csiro-biomass/train/ID2069766023.jpg,2015/6/26,Tas,Ryegrass_Clover,0.44,5.0,6.1907,32.7742,1.8208,8.0115,40.7857
ID2086966681,../../csiro-biomass/train/ID2086966681.jpg,2015/6/29,Tas,WhiteClover,0.57,3.0,1.7557,30.7245,3.804,5.5597,36.2842
ID2089023774,../../csiro-biomass/train/ID2089023774.jpg,2015/9/29,Vic,Ryegrass_Clover,0.81,5.0,33.4869,1.3042,17.5189,51.0058,52.31
ID2091439402,../../csiro-biomass/train/ID2091439402.jpg,2015/6/26,Vic,Phalaris_Ryegrass_Clover,0.82,3.5,22.4712,4.9327,1.0962,23.5673,28.5
ID2096636211,../../csiro-biomass/train/ID2096636211.jpg,2015/10/13,Vic,Phalaris_BarleyGrass_SilverGrass_SpearGrass_Clover_Capeweed,0.38,2.8,11.4,32.2,2.6,14.0,46.2
ID2099464826,../../csiro-biomass/train/ID2099464826.jpg,2015/10/6,NSW,Fescue,0.65,10.6667,69.52,25.28,0.0,69.52,94.8
ID2099742797,../../csiro-biomass/train/ID2099742797.jpg,2015/7/2,Vic,Ryegrass_Clover,0.75,2.0,15.18,1.38,4.14,19.32,20.7
ID210865340,../../csiro-biomass/train/ID210865340.jpg,2015/7/1,Tas,Ryegrass,0.67,4.0,12.9966,9.0731,0.0,12.9966,22.0697
ID212206250,../../csiro-biomass/train/ID212206250.jpg,2015/7/8,WA,Clover,0.3,1.0,2.4,0.0,7.32,9.72,9.72
ID212206832,../../csiro-biomass/train/ID212206832.jpg,2015/6/26,Vic,Ryegrass,0.75,3.0,5.6924,13.3262,0.7014,6.3938,19.72
ID2125100696,../../csiro-biomass/train/ID2125100696.jpg,2015/8/14,Vic,Phalaris_Clover,0.8,5.0,34.6182,4.9455,14.8364,49.4545,54.4
ID2131261930,../../csiro-biomass/train/ID2131261930.jpg,2015/11/9,Tas,Ryegrass_Clover,0.73,4.5,31.4721,42.7122,6.744,38.2161,80.9283
ID21377800,../../csiro-biomass/train/ID21377800.jpg,2015/6/26,Tas,Ryegrass_Clover,0.59,4.0,9.1208,28.3224,0.48,9.6008,37.9232
ID2145635095,../../csiro-biomass/train/ID2145635095.jpg,2015/7/1,Tas,Ryegrass,0.73,6.0,22.7022,17.5621,0.0,22.7022,40.2643
ID227847873,../../csiro-biomass/train/ID227847873.jpg,2015/9/29,Vic,Ryegrass_Clover,0.71,3.0,23.9377,7.5836,8.6387,32.5764,40.16
ID230058600,../../csiro-biomass/train/ID230058600.jpg,2015/8/21,WA,Clover,0.67,3.0,0.0,0.0,46.83,46.83,46.83
ID249042826,../../csiro-biomass/train/ID249042826.jpg,2015/9/4,Tas,Clover,0.53,2.8333,1.8,3.8769,10.6616,12.4615,16.3385
ID257822026,../../csiro-biomass/train/ID257822026.jpg,2015/11/10,Tas,Ryegrass_Clover,0.59,7.1667,24.0,58.125,0.0,24.0,82.125
ID290369222,../../csiro-biomass/train/ID290369222.jpg,2015/5/18,Tas,Ryegrass,0.85,8.0,40.8478,11.4741,0.0,40.8478,52.3219
ID294150104,../../csiro-biomass/train/ID294150104.jpg,2015/9/29,Vic,Ryegrass_Clover,0.78,3.0,20.5855,3.167,13.9876,34.573,37.74
ID307060225,../../csiro-biomass/train/ID307060225.jpg,2015/6/26,Tas,Ryegrass_Clover,0.53,2.0,14.2453,15.6092,0.3031,14.5484,30.1575
ID315357834,../../csiro-biomass/train/ID315357834.jpg,2015/7/1,Tas,Ryegrass,0.83,6.0,27.2448,5.7792,0.0,27.2448,33.024
ID317990700,../../csiro-biomass/train/ID317990700.jpg,2015/9/4,Tas,Ryegrass_Clover,0.75,5.5,27.5062,38.1288,0.0,27.5062,65.635
ID325799913,../../csiro-biomass/train/ID325799913.jpg,2015/10/13,Vic,Phalaris_BarleyGrass_SilverGrass_SpearGrass_Clover_Capeweed,0.37,3.2,11.3527,19.2502,2.797,14.1498,33.4
ID332742639,../../csiro-biomass/train/ID332742639.jpg,2015/8/18,Vic,Phalaris_Clover,0.77,2.5,19.9924,3.3949,6.4127,26.4051,29.8
ID342818398,../../csiro-biomass/train/ID342818398.jpg,2015/9/29,Vic,Ryegrass_Clover,0.72,3.0,13.8948,3.1815,24.0237,37.9185,41.1
ID344618040,../../csiro-biomass/train/ID344618040.jpg,2015/5/18,Tas,Ryegrass,0.6,4.0,14.9081,6.7327,0.0,14.9081,21.6408
ID353424190,../../csiro-biomass/train/ID353424190.jpg,2015/2/25,NSW,Fescue,0.41,6.0,22.7857,6.2143,0.0,22.7857,29.0
ID353997899,../../csiro-biomass/train/ID353997899.jpg,2015/6/30,Vic,Phalaris_Clover,0.68,3.0,7.8492,35.7574,9.5934,17.4426,53.2
ID354528442,../../csiro-biomass/train/ID354528442.jpg,2015/2/24,NSW,Ryegrass,0.68,10.0,56.4923,8.3077,0.0,56.4923,64.8
ID363069566,../../csiro-biomass/train/ID363069566.jpg,2015/5/19,Tas,Ryegrass_Clover,0.68,3.0,12.5,5.5,0.2,12.7,18.2
ID364856705,../../csiro-biomass/train/ID364856705.jpg,2015/9/3,Tas,Ryegrass_Clover,0.85,3.3333,34.0871,4.6064,2.7638,36.8509,41.4573
ID380752847,../../csiro-biomass/train/ID380752847.jpg,2015/9/1,WA,Ryegrass,0.81,14.0,58.98,0.0,0.0,58.98,58.98
ID383231615,../../csiro-biomass/train/ID383231615.jpg,2015/6/26,Vic,Phalaris_Ryegrass_Clover,0.86,4.0,24.7245,5.7057,3.1698,27.8943,33.6
ID384648061,../../csiro-biomass/train/ID384648061.jpg,2015/10/6,NSW,Fescue,0.85,14.6667,157.9836,27.7164,0.0,157.9836,185.7
ID386216505,../../csiro-biomass/train/ID386216505.jpg,2015/8/14,Vic,Phalaris_Clover,0.63,4.0,21.4667,7.6667,3.0667,24.5333,32.2
ID397994621,../../csiro-biomass/train/ID397994621.jpg,2015/5/7,NSW,Fescue,0.86,9.0,81.0,0.0,0.0,81.0,81.0
ID407646960,../../csiro-biomass/train/ID407646960.jpg,2015/2/25,NSW,Fescue,0.59,11.0,71.9138,35.5862,0.0,71.9138,107.5
ID40849327,../../csiro-biomass/train/ID40849327.jpg,2015/8/21,WA,Clover,0.81,4.0,0.0,0.0,51.97,51.97,51.97
ID415656958,../../csiro-biomass/train/ID415656958.jpg,2015/6/26,Vic,Ryegrass,0.71,4.0,4.8182,11.2424,1.0707,5.8889,17.1313
ID423506847,../../csiro-biomass/train/ID423506847.jpg,2015/8/18,Vic,Phalaris_Clover,0.84,5.0,43.2143,10.8036,0.9821,44.1964,55.0
ID429799190,../../csiro-biomass/train/ID429799190.jpg,2015/10/13,Vic,Phalaris_BarleyGrass_SilverGrass_SpearGrass_Clover_Capeweed,0.44,4.5,16.9645,21.8114,5.9241,22.8886,44.7
ID431471530,../../csiro-biomass/train/ID431471530.jpg,2015/4/1,NSW,Lucerne,0.78,32.0,45.5236,1.2764,0.0,45.5236,46.8
ID443091455,../../csiro-biomass/train/ID443091455.jpg,2015/10/14,Vic,Phalaris_Clover_Ryegrass_Barleygrass_Bromegrass,0.66,4.6667,26.2547,11.9858,22.2594,48.5142,60.5
ID4464212,../../csiro-biomass/train/ID4464212.jpg,2015/5/18,Tas,Ryegrass,0.87,6.0,28.4103,8.1172,2.3192,30.7295,38.8467
ID471758347,../../csiro-biomass/train/ID471758347.jpg,2015/8/14,Vic,Phalaris_Clover,0.74,6.0,26.5778,3.3222,0.0,26.5778,29.9
ID473494649,../../csiro-biomass/train/ID473494649.jpg,2015/9/1,WA,SubcloverDalkeith,0.54,1.0,0.0,0.0,10.88,10.88,10.88
ID475010202,../../csiro-biomass/train/ID475010202.jpg,2015/9/1,WA,SubcloverLosa,0.71,1.0,0.0,0.0,36.76,36.76,36.76
ID482555369,../../csiro-biomass/train/ID482555369.jpg,2015/7/1,Tas,Ryegrass,0.34,3.0,2.5,15.9,0.0,2.5,18.4
ID48303557,../../csiro-biomass/train/ID48303557.jpg,2015/6/26,Tas,Ryegrass_Clover,0.8,4.0,60.0887,13.2399,0.0,60.0887,73.3286
ID488873801,../../csiro-biomass/train/ID488873801.jpg,2015/6/26,Tas,Ryegrass_Clover,0.62,2.0,22.9088,8.3076,0.7552,23.664,31.9716
ID490139972,../../csiro-biomass/train/ID490139972.jpg,2015/5/18,Tas,Ryegrass,0.79,9.0,35.9864,9.9537,0.0,35.9864,45.9401
ID498304885,../../csiro-biomass/train/ID498304885.jpg,2015/5/7,NSW,Lucerne,0.67,24.0,22.4868,7.4132,0.0,22.4868,29.9
ID50027657,../../csiro-biomass/train/ID50027657.jpg,2015/8/14,Vic,Phalaris_Clover,0.76,4.0,39.8357,3.6214,7.2429,47.0786,50.7
ID520514019,../../csiro-biomass/train/ID520514019.jpg,2015/7/2,Vic,Ryegrass_Clover,0.73,3.0,14.3391,3.3739,1.687,16.0261,19.4
ID528010569,../../csiro-biomass/train/ID528010569.jpg,2015/8/18,Vic,Phalaris_Clover,0.85,3.8,30.8508,7.1746,7.1746,38.0254,45.2
ID529933668,../../csiro-biomass/train/ID529933668.jpg,2015/8/18,Vic,Phalaris_Clover,0.82,6.3,39.3556,7.2286,4.0159,43.3714,50.6
ID534966093,../../csiro-biomass/train/ID534966093.jpg,2015/8/14,Vic,Ryegrass_Clover,0.75,4.0,26.7273,7.6364,7.6364,34.3636,42.0
ID54128926,../../csiro-biomass/train/ID54128926.jpg,2015/11/10,Tas,Ryegrass_Clover,0.77,6.8333,39.1446,24.4653,0.0,39.1446,63.6099
ID544444725,../../csiro-biomass/train/ID544444725.jpg,2015/10/6,NSW,Fescue,0.59,13.0,60.9225,44.5775,0.0,60.9225,105.5
ID545360459,../../csiro-biomass/train/ID545360459.jpg,2015/9/1,WA,Ryegrass,0.71,10.0,47.73,0.0,0.0,47.73,47.73
ID550623196,../../csiro-biomass/train/ID550623196.jpg,2015/9/3,Tas,Ryegrass_Clover,0.67,1.5,15.9684,4.1107,1.581,17.5494,21.6601
ID552040066,../../csiro-biomass/train/ID552040066.jpg,2015/2/24,NSW,Phalaris,0.37,7.0,24.108,6.592,0.0,24.108,30.7
ID554314721,../../csiro-biomass/train/ID554314721.jpg,2015/1/15,NSW,Lucerne,0.69,49.0,50.9,2.7,0.0,50.9,53.6
ID560946727,../../csiro-biomass/train/ID560946727.jpg,2015/9/11,Tas,Ryegrass,0.74,3.6667,21.0896,13.0842,0.0,21.0896,34.1738
ID566966892,../../csiro-biomass/train/ID566966892.jpg,2015/7/1,Vic,Phalaris_Clover,0.66,3.0,15.5429,3.8857,0.9714,16.5143,20.4
ID567744300,../../csiro-biomass/train/ID567744300.jpg,2015/9/3,Tas,Ryegrass_Clover,0.57,2.3333,20.6355,2.1953,0.0,20.6355,22.8308
ID572336285,../../csiro-biomass/train/ID572336285.jpg,2015/11/9,Tas,Ryegrass_Clover,0.68,3.0,18.8913,26.1571,22.5242,41.4155,67.5726
ID574213894,../../csiro-biomass/train/ID574213894.jpg,2015/11/10,Tas,Ryegrass_Clover,0.88,8.0,25.6561,28.8632,31.2684,56.9246,85.7877
ID576137678,../../csiro-biomass/train/ID576137678.jpg,2015/7/1,Tas,Ryegrass,0.59,4.0,12.6389,33.0159,0.0,12.6389,45.6548
ID576621307,../../csiro-biomass/train/ID576621307.jpg,2015/1/15,NSW,Lucerne,0.73,63.0,60.2,2.4,0.0,60.2,62.6
ID577112774,../../csiro-biomass/train/ID577112774.jpg,2015/9/1,WA,SubcloverDalkeith,0.49,1.0,0.0,0.0,10.23,10.23,10.23
ID587125778,../../csiro-biomass/train/ID587125778.jpg,2015/6/29,Tas,WhiteClover,0.54,2.0,1.6364,25.3648,4.0911,5.7275,31.0923
ID588120964,../../csiro-biomass/train/ID588120964.jpg,2015/10/6,NSW,Fescue,0.68,17.6667,83.9254,35.1746,0.0,83.9254,119.1
ID600602588,../../csiro-biomass/train/ID600602588.jpg,2015/8/14,Vic,Phalaris_Clover,0.73,4.0,33.7778,2.1111,2.1111,35.8889,38.0
ID605134229,../../csiro-biomass/train/ID605134229.jpg,2015/6/26,Tas,Ryegrass_Clover,0.63,2.0,3.3755,3.6166,3.6166,6.9921,10.6087
ID610397481,../../csiro-biomass/train/ID610397481.jpg,2015/7/8,WA,Clover,0.62,1.0,3.0787,0.0,20.6513,23.73,23.73
ID617132135,../../csiro-biomass/train/ID617132135.jpg,2015/5/19,Tas,Ryegrass_Clover,0.47,3.0,11.1,4.7,0.8,11.9,16.6
ID61833032,../../csiro-biomass/train/ID61833032.jpg,2015/6/30,Vic,Phalaris_Clover,0.8,4.8,41.4877,19.6123,0.0,41.4877,61.1
ID6269659,../../csiro-biomass/train/ID6269659.jpg,2015/11/9,Tas,Clover,0.75,4.8333,2.3346,16.3424,35.9533,38.2879,54.6304
ID629980789,../../csiro-biomass/train/ID629980789.jpg,2015/7/1,Vic,Phalaris_Clover,0.77,6.0,36.9586,8.0345,1.6069,38.5655,46.6
ID633775166,../../csiro-biomass/train/ID633775166.jpg,2015/10/13,Vic,Phalaris_BarleyGrass_SilverGrass_SpearGrass_Clover_Capeweed,0.36,4.3,7.8111,23.277,2.812,10.623,33.9
ID638711343,../../csiro-biomass/train/ID638711343.jpg,2015/5/18,Tas,Ryegrass,0.76,7.0,31.3284,4.3212,0.0,31.3285,35.6496
ID656251220,../../csiro-biomass/train/ID656251220.jpg,2015/9/11,Tas,Ryegrass,0.58,2.8333,6.3606,5.3961,3.7538,10.1143,15.5104
ID657448172,../../csiro-biomass/train/ID657448172.jpg,2015/6/29,Tas,WhiteClover,0.39,1.0,0.2,2.9,1.6,1.8,4.7
ID661372352,../../csiro-biomass/train/ID661372352.jpg,2015/7/8,WA,Clover,0.26,1.0,10.4,0.0,0.0,10.4,10.4
ID661817669,../../csiro-biomass/train/ID661817669.jpg,2015/7/1,Vic,Phalaris_Clover,0.7,3.0,23.3231,13.1192,1.4577,24.7808,37.9
ID663006174,../../csiro-biomass/train/ID663006174.jpg,2015/1/15,NSW,Lucerne,0.66,49.0,44.6,5.8,0.0,44.6,50.4
ID667059550,../../csiro-biomass/train/ID667059550.jpg,2015/8/14,Vic,Phalaris_Clover,0.79,9.0,52.9941,8.1529,8.1529,61.1471,69.3
ID668330410,../../csiro-biomass/train/ID668330410.jpg,2015/9/11,Tas,Ryegrass,0.82,5.3333,28.9181,19.0828,0.0,28.9181,48.0009
ID668475812,../../csiro-biomass/train/ID668475812.jpg,2015/5/7,NSW,Lucerne,0.78,42.0,34.0699,52.9301,0.0,34.0699,87.0
ID670276799,../../csiro-biomass/train/ID670276799.jpg,2015/1/15,NSW,Fescue_CrumbWeed,0.66,6.0,21.9057,23.1943,0.0,21.9057,45.1
ID679913293,../../csiro-biomass/train/ID679913293.jpg,2015/6/26,Tas,Ryegrass_Clover,0.53,3.0,6.6526,14.3782,0.2146,6.8672,21.2454
ID681680726,../../csiro-biomass/train/ID681680726.jpg,2015/8/21,WA,Clover,0.66,1.0,0.0,0.0,45.85,45.85,45.85
ID684062938,../../csiro-biomass/train/ID684062938.jpg,2015/10/6,NSW,Fescue,0.6,14.3333,73.0137,33.5863,0.0,73.0137,106.6
ID684383343,../../csiro-biomass/train/ID684383343.jpg,2015/10/14,Vic,Phalaris_Clover_Ryegrass_Barleygrass_Bromegrass,0.48,4.5,19.2877,16.7719,11.7404,31.0281,47.8
ID686797154,../../csiro-biomass/train/ID686797154.jpg,2015/9/3,Tas,Ryegrass_Clover,0.8,2.5,23.6424,5.2539,3.5026,27.145,32.3988
ID697059386,../../csiro-biomass/train/ID697059386.jpg,2015/6/29,Tas,WhiteClover,0.67,2.0,0.769,7.8827,10.9589,11.728,19.6107
ID697718693,../../csiro-biomass/train/ID697718693.jpg,2015/8/21,WA,Clover,0.81,4.0,0.0,0.0,58.88,58.88,58.88
ID698608346,../../csiro-biomass/train/ID698608346.jpg,2015/2/25,NSW,Fescue,0.55,8.0,38.5191,19.8809,0.0,38.5191,58.4
ID706288721,../../csiro-biomass/train/ID706288721.jpg,2015/7/1,Tas,Ryegrass,0.8,7.0,27.0782,8.8161,0.0,27.0781,35.8943
ID710341728,../../csiro-biomass/train/ID710341728.jpg,2015/1/15,NSW,Fescue_CrumbWeed,0.84,11.0,53.5191,7.9809,0.0,53.5191,61.5
ID71885430,../../csiro-biomass/train/ID71885430.jpg,2015/2/25,NSW,Fescue,0.68,18.0,79.834,18.566,0.0,79.834,98.4
ID72895391,../../csiro-biomass/train/ID72895391.jpg,2015/7/2,Vic,Ryegrass_Clover,0.7,2.0,8.94,3.9733,1.9867,10.9267,14.9
ID740402124,../../csiro-biomass/train/ID740402124.jpg,2015/9/30,Vic,Phalaris_Clover,0.76,8.0,40.0708,6.3568,18.1624,58.2332,64.59
ID742198710,../../csiro-biomass/train/ID742198710.jpg,2015/5/18,Tas,Ryegrass,0.83,10.0,40.1485,13.8443,0.0,40.1485,53.9928
ID743847993,../../csiro-biomass/train/ID743847993.jpg,2015/6/30,Vic,Phalaris_Clover,0.81,4.6,32.5622,17.6378,0.0,32.5622,50.2
ID746335827,../../csiro-biomass/train/ID746335827.jpg,2015/10/6,NSW,Fescue,0.75,24.3333,112.8397,53.2603,0.0,112.8397,166.1
ID748979397,../../csiro-biomass/train/ID748979397.jpg,2015/11/9,Tas,Clover,0.77,3.8333,0.0,18.1125,43.2687,43.2687,61.3813
ID750820644,../../csiro-biomass/train/ID750820644.jpg,2015/5/18,Tas,Ryegrass,0.74,5.0,28.2559,38.9588,0.0,28.2558,67.2147
ID751517087,../../csiro-biomass/train/ID751517087.jpg,2015/8/18,Vic,Phalaris_Clover,0.86,5.2,43.02,11.95,16.73,59.75,71.7
ID753699705,../../csiro-biomass/train/ID753699705.jpg,2015/2/24,NSW,Ryegrass,0.74,13.0,72.6459,8.1541,0.0,72.6459,80.8
ID755710743,../../csiro-biomass/train/ID755710743.jpg,2015/9/11,Tas,Ryegrass,0.67,2.0,8.4829,8.2099,2.1841,10.667,18.877
ID761508093,../../csiro-biomass/train/ID761508093.jpg,2015/6/26,Vic,Mixed,0.66,4.0,20.5333,30.8,0.0,20.5333,51.3333
ID779628955,../../csiro-biomass/train/ID779628955.jpg,2015/9/1,WA,SubcloverLosa,0.79,1.0,0.0,0.0,47.32,47.32,47.32
ID7850481,../../csiro-biomass/train/ID7850481.jpg,2015/9/1,WA,SubcloverLosa,0.69,1.0,0.0,0.0,19.57,19.57,19.57
ID786365141,../../csiro-biomass/train/ID786365141.jpg,2015/5/18,Tas,Ryegrass,0.41,3.0,6.8,3.3,0.0,6.8,10.1
ID789169173,../../csiro-biomass/train/ID789169173.jpg,2015/4/1,NSW,Lucerne,0.86,37.0,77.8736,1.2264,0.0,77.8736,79.1
ID793526563,../../csiro-biomass/train/ID793526563.jpg,2015/9/29,Vic,Ryegrass_Clover,0.82,18.0,86.0889,4.5597,16.7414,102.8303,107.39
ID797502182,../../csiro-biomass/train/ID797502182.jpg,2015/7/1,Tas,Ryegrass,0.43,3.0,6.9746,12.6079,0.0,6.9746,19.5825
ID799079114,../../csiro-biomass/train/ID799079114.jpg,2015/7/1,Tas,Ryegrass,0.53,4.0,8.0022,19.7501,0.0,8.0022,27.7523
ID802547515,../../csiro-biomass/train/ID802547515.jpg,2015/5/19,Tas,Ryegrass_Clover,0.74,4.0,18.9629,14.5984,0.7525,19.7154,34.3138
ID803479541,../../csiro-biomass/train/ID803479541.jpg,2015/6/26,Tas,Ryegrass_Clover,0.55,2.0,16.2479,22.5374,1.0483,17.2961,39.8335
ID808079729,../../csiro-biomass/train/ID808079729.jpg,2015/9/3,Tas,Ryegrass_Clover,0.77,2.8333,22.1574,8.5464,5.6976,27.855,36.4014
ID808093827,../../csiro-biomass/train/ID808093827.jpg,2015/11/10,Tas,Ryegrass_Clover,0.9,4.3333,25.2988,6.4251,19.6769,44.9757,51.4008
ID8209776,../../csiro-biomass/train/ID8209776.jpg,2015/6/26,Vic,Phalaris_Ryegrass_Clover,0.8,3.0,12.0333,14.108,9.9586,21.992,36.1
ID828217731,../../csiro-biomass/train/ID828217731.jpg,2015/6/26,Vic,Ryegrass,0.69,3.5,4.7865,8.7753,0.7978,5.5843,14.3596
ID839432753,../../csiro-biomass/train/ID839432753.jpg,2015/9/4,Tas,Clover,0.77,3.6667,2.4108,2.7552,24.7968,27.2076,29.9628
ID846154859,../../csiro-biomass/train/ID846154859.jpg,2015/9/4,Tas,Clover,0.62,2.8333,0.919,7.8112,16.5413,17.4603,25.2715
ID846984946,../../csiro-biomass/train/ID846984946.jpg,2015/11/9,Tas,Ryegrass_Clover,0.3,1.1667,0.6,8.0,8.4,9.0,17.0
ID853954911,../../csiro-biomass/train/ID853954911.jpg,2015/6/26,Vic,Ryegrass,0.85,6.0,23.0,26.0,0.0,23.0,49.0
ID866684633,../../csiro-biomass/train/ID866684633.jpg,2015/7/8,WA,Clover,0.59,1.0,6.4772,0.0,25.4228,31.9,31.9
ID871463897,../../csiro-biomass/train/ID871463897.jpg,2015/1/15,NSW,Fescue_CrumbWeed,0.79,12.0,59.7472,19.3547,10.0981,69.8453,89.2
ID875119737,../../csiro-biomass/train/ID875119737.jpg,2015/8/14,Vic,Ryegrass_Clover,0.72,4.0,23.2,5.8,5.8,29.0,34.8
ID885388135,../../csiro-biomass/train/ID885388135.jpg,2015/7/2,Vic,Ryegrass_Clover,0.7,4.0,18.6588,4.3059,1.4353,20.0941,24.4
ID896386823,../../csiro-biomass/train/ID896386823.jpg,2015/9/11,Tas,Ryegrass,0.64,3.6667,12.9541,19.7543,2.0794,15.0335,34.7878
ID900012207,../../csiro-biomass/train/ID900012207.jpg,2015/2/24,NSW,Ryegrass,0.58,11.0,36.7522,28.0478,0.0,36.7522,64.8
ID905397692,../../csiro-biomass/train/ID905397692.jpg,2015/9/30,Vic,Phalaris_Clover,0.84,13.0,36.2016,6.1407,30.9177,67.1193,73.26
ID908524512,../../csiro-biomass/train/ID908524512.jpg,2015/11/10,Tas,Ryegrass_Clover,0.78,3.1667,17.4087,4.2957,11.3043,28.713,33.0087
ID914754166,../../csiro-biomass/train/ID914754166.jpg,2015/10/13,Vic,Phalaris_BarleyGrass_SilverGrass_SpearGrass_Clover_Capeweed,0.37,2.5,9.3392,14.6759,5.4849,14.8241,29.5
ID930534670,../../csiro-biomass/train/ID930534670.jpg,2015/6/26,Tas,Ryegrass_Clover,0.57,2.0,20.3265,10.5572,1.7333,22.0598,32.6169
ID936984905,../../csiro-biomass/train/ID936984905.jpg,2015/7/1,Vic,Phalaris_Clover,0.79,5.0,38.3727,4.2636,4.2636,42.6364,46.9
ID94564238,../../csiro-biomass/train/ID94564238.jpg,2015/7/2,Vic,Ryegrass_Clover,0.71,2.0,9.3154,3.9923,3.9923,13.3077,17.3
ID950496197,../../csiro-biomass/train/ID950496197.jpg,2015/9/4,Tas,Clover,0.72,2.6667,2.499,3.2487,17.743,20.242,23.4907
ID95050718,../../csiro-biomass/train/ID95050718.jpg,2015/6/26,Tas,Ryegrass_Clover,0.65,2.0,21.3496,15.0024,2.3081,23.6576,38.66
ID956512130,../../csiro-biomass/train/ID956512130.jpg,2015/11/9,Tas,Ryegrass_Clover,0.19,1.0,2.4,1.9,0.0,2.4,4.3
ID963903358,../../csiro-biomass/train/ID963903358.jpg,2015/6/26,Vic,Mixed,0.65,3.0,13.8293,29.9634,0.0,13.8293,43.7927
ID968643034,../../csiro-biomass/train/ID968643034.jpg,2015/11/10,Tas,Ryegrass_Clover,0.38,2.6667,9.0,7.6,1.5,10.5,18.1
ID969218269,../../csiro-biomass/train/ID969218269.jpg,2015/8/18,Vic,Phalaris_Clover,0.75,4.0,33.4529,13.5235,1.4235,34.8765,48.4
ID972274220,../../csiro-biomass/train/ID972274220.jpg,2015/11/10,Tas,Ryegrass_Clover,0.56,2.8333,7.8767,5.7388,7.4266,15.3034,21.0421
ID975115267,../../csiro-biomass/train/ID975115267.jpg,2015/7/8,WA,Clover,0.73,3.0,0.8,0.0,40.03,40.83,40.83
ID978026131,../../csiro-biomass/train/ID978026131.jpg,2015/9/4,Tas,Clover,0.83,3.1667,12.0601,4.1948,24.6445,36.7046,40.8994
ID980538882,../../csiro-biomass/train/ID980538882.jpg,2015/2/24,NSW,Phalaris,0.69,29.0,91.6543,1.1457,0.0,91.6543,92.8
ID980878870,../../csiro-biomass/train/ID980878870.jpg,2015/7/8,WA,Clover,0.74,2.0,2.0325,0.0,32.3575,34.39,34.39
ID983582017,../../csiro-biomass/train/ID983582017.jpg,2015/9/1,WA,Ryegrass,0.64,9.0,40.94,0.0,0.0,40.94,40.94
